{
  "BBVA": {
    "Open": {
      "min": 2.150000095367432,
      "max": 19.29173851013184
    },
    "High": {
      "min": 2.2260000705718994,
      "max": 19.483888626098636
    },
    "Low": {
      "min": 2.128000020980835,
      "max": 19.166841506958008
    },
    "Close": {
      "min": 2.1600000858306885,
      "max": 19.29173851013184
    },
    "Adj Close": {
      "min": 1.6166203022003174,
      "max": 17.25926971435547
    },
    "Volume": {
      "min": 0.0,
      "max": 600901855.0
    }
  },
  "SAN": {
    "Open": {
      "min": 1.4440170526504517,
      "max": 12.982515335083008
    },
    "High": {
      "min": 1.502475023269653,
      "max": 13.18157958984375
    },
    "Low": {
      "min": 1.439417004585266,
      "max": 12.913274765014648
    },
    "Close": {
      "min": 1.473533034324646,
      "max": 12.982515335083008
    },
    "Adj Close": {
      "min": 1.233877182006836,
      "max": 8.864999771118164
    },
    "Volume": {
      "min": 0.0,
      "max": 948768587.0
    }
  }
}