{
  "BBVA": {
    "Adj Close": {
      "min": 0.0,
      "max": 1.0000000000000002
    },
    "Close": {
      "min": 0.0,
      "max": 1.0000000000000002
    },
    "High": {
      "min": 0.0,
      "max": 1.0000000000000002
    },
    "Low": {
      "min": 0.0,
      "max": 1.0
    },
    "Open": {
      "min": 0.0,
      "max": 1.0
    },
    "Volume": {
      "min": 0.0,
      "max": 1.0
    },
    "SMA_5": {
      "min": 0.0031403652087873,
      "max": 0.9908029255124424
    },
    "SMA_10": {
      "min": 0.0072613733083653,
      "max": 0.985867914006956
    },
    "SMA_20": {
      "min": 0.0095611972096472,
      "max": 0.9707263940953677
    },
    "EMA_10": {
      "min": 0.0083820799747681,
      "max": 0.982633325955634
    },
    "RSI_14": {
      "min": 10.431152307163046,
      "max": 86.56173324601636
    },
    "Volatility_10": {
      "min": 0.0015416025559739,
      "max": 0.0641420100145789
    },
    "ATR_14": {
      "min": 0.0025734263058154,
      "max": 0.039992697182441
    }
  },
  "SAN": {
    "Adj Close": {
      "min": 0.0,
      "max": 1.0
    },
    "Close": {
      "min": 0.0,
      "max": 1.0
    },
    "High": {
      "min": 0.0,
      "max": 1.0
    },
    "Low": {
      "min": 0.0,
      "max": 1.0
    },
    "Open": {
      "min": 0.0,
      "max": 1.0
    },
    "Volume": {
      "min": 0.0,
      "max": 1.0
    },
    "SMA_5": {
      "min": 0.0015920933159613,
      "max": 0.9926301718709748
    },
    "SMA_10": {
      "min": 0.003440658422434,
      "max": 0.983004286082392
    },
    "SMA_20": {
      "min": 0.0066323343591935,
      "max": 0.9769504915881088
    },
    "EMA_10": {
      "min": 0.006194626525058,
      "max": 0.9851098189081764
    },
    "RSI_14": {
      "min": 12.58951071783666,
      "max": 89.61683966053022
    },
    "Volatility_10": {
      "min": 0.0013371941843138,
      "max": 0.0864638640911172
    },
    "ATR_14": {
      "min": 0.002347540506094,
      "max": 0.0563176371151968
    }
  }
}