{
  "Ticker": "SAN",
  "Model": "GRU",
  "window": 30,
  "units": 128,
  "batch": 32,
  "lr": 0.001,
  "best_epoch": 12,
  "Test_RMSE": 0.0080400606984718,
  "Test_MAE": 0.0057827467098832
}